product_id,option_id,name,region,cat1,cat2,option,detail_div,week_div,time_div,list_price,sale_price,discount_pct,calc_discount_pct,min_ticket_unit,start_div,start_date,end_div,end_date,is_basis
243478,2311913,삼성미라클안과 라식·라섹,서울/천안,삼성미라클안과,라식·라섹,미라클라섹(*예약문의 : 010-2504-5792),,,,1600000,890000,44,44.4,1,구매일,0,구매일,0,True
243478,2311914,삼성미라클안과 라식·라섹,서울/천안,삼성미라클안과,라식·라섹,양손스마일라식(*예약문의 : 010-2504-5792),,,,3100000,2100000,32,32.3,1,구매일,0,구매일,0,False
243478,2311912,삼성미라클안과 라식·라섹,서울/천안,삼성미라클안과,라식·라섹,렌즈삽입술(*예약문의 : 010-2504-5792),,,,6500000,4990000,23,23.2,1,구매일,0,구매일,0,False
328990,4264809,한국민속촌,용인,테마파크,테마파크,주중ㆍ주말공통 종일권 한국민속촌(~10/31),대소공통,주중+주말,종일,39000,19000,51,51.3,1,날짜지정,2026-10-01,날짜지정,2026-10-31,True
326717,4201015,서울랜드,과천,테마파크,놀이공원,AFTER 4 서울랜드(~11/1),대소공통,주중+주말,종일,52000,17000,67,67.3,1,구매일,0,날짜지정,2026-11-01,True
326717,4201014,서울랜드,과천,테마파크,놀이공원,AFTER 1 서울랜드(~11/1),대소공통,주중+주말,종일,52000,19000,63,63.5,1,구매일,0,날짜지정,2026-11-01,False
326717,4201013,서울랜드,과천,테마파크,놀이공원,종일권 서울랜드(~11/1),대소공통,주중+주말,종일,52000,22000,58,57.7,1,구매일,0,날짜지정,2026-11-01,False
329117,4267023,레고랜드,춘천,테마파크,놀이공원,주중ㆍ주말 대소공통 레고랜드 2인 종일권(~11/15),대소공통,주중+주말,종일,66000,36000,45,45.5,2,날짜지정,2026-09-22,날짜지정,2026-11-15,True
329117,4267024,레고랜드,춘천,테마파크,놀이공원,주중ㆍ주말 대소공통 레고랜드 3인 종일권(~11/15),대소공통,주중+주말,종일,66000,36000,45,45.5,3,날짜지정,2026-09-22,날짜지정,2026-11-15,False
329117,4267025,레고랜드,춘천,테마파크,놀이공원,주중ㆍ주말 대소공통 레고랜드 4인 종일권(~11/15),대소공통,주중+주말,종일,66000,36000,45,45.5,4,날짜지정,2026-09-22,날짜지정,2026-11-15,False
330505,4307271,경주월드,경주,테마파크,놀이공원,대인 종일권 경주월드(~26/12/31),대인,주중+주말,종일,52000,34000,35,34.6,1,구매일,0,날짜지정,2026-12-31,True
330505,4307272,경주월드,경주,테마파크,놀이공원,소인 종일권 경주월드(~26/12/31),소인,주중+주말,종일,39000,26500,32,32.1,1,구매일,0,날짜지정,2026-12-31,False
328545,4258169,연극 마트로시카,서울,공연,연극,대소공통 관람권 마트로시카,대소공통,주중+주말,종일,66000,36960,44,44.0,1,구매일,0,구매일,30,True
328609,4259802,엘리야리조트&풀빌라 숙박권,강화,숙박,숙박,디럭스 본관 주중 숙박권 엘리야리조트(~12/30),,주중,종일,356800,178400,50,50.0,1,날짜지정,2026-09-10,날짜지정,2026-12-30,True
328609,4259803,엘리야리조트&풀빌라 숙박권,강화,숙박,숙박,디럭스 본관 준주말 숙박권 엘리야리조트(~12/30),,금요일,종일,472000,236000,50,50.0,1,날짜지정,2026-09-10,날짜지정,2026-12-30,False
328609,4259808,엘리야리조트&풀빌라 숙박권,강화,숙박,숙박,디럭스 별관동 주중 숙박권 엘리야리조트(~12/30),,주중,종일,504000,252000,50,50.0,1,날짜지정,2026-09-10,날짜지정,2026-12-30,False
328609,4259805,엘리야리조트&풀빌라 숙박권,강화,숙박,숙박,스위트 본관 주중 숙박권 엘리야리조트(~12/30),,주중,종일,520000,260000,50,50.0,1,날짜지정,2026-09-10,날짜지정,2026-12-30,False
328609,4259804,엘리야리조트&풀빌라 숙박권,강화,숙박,숙박,디럭스 본관 주말 숙박권 엘리야리조트(~12/30),,주말,종일,552000,276000,50,50.0,1,날짜지정,2026-09-10,날짜지정,2026-12-30,False
328609,4259809,엘리야리조트&풀빌라 숙박권,강화,숙박,숙박,디럭스 별관동 준주말 숙박권 엘리야리조트(~12/30),,금요일,종일,568000,284000,50,50.0,1,날짜지정,2026-09-10,날짜지정,2026-12-30,False
328609,4259811,엘리야리조트&풀빌라 숙박권,강화,숙박,숙박,스위트 별관동 주중 숙박권 엘리야리조트(~12/30),,주중,종일,584000,292000,50,50.0,1,날짜지정,2026-09-10,날짜지정,2026-12-30,False
328609,4259806,엘리야리조트&풀빌라 숙박권,강화,숙박,숙박,스위트 본관 준주말 숙박권 엘리야리조트(~12/30),,금요일,종일,600000,300000,50,50.0,1,날짜지정,2026-09-10,날짜지정,2026-12-30,False
328609,4259810,엘리야리조트&풀빌라 숙박권,강화,숙박,숙박,디럭스 별관동 주말 숙박권 엘리야리조트(~12/30),,주말,종일,648000,324000,50,50.0,1,날짜지정,2026-09-10,날짜지정,2026-12-30,False
328609,4259807,엘리야리조트&풀빌라 숙박권,강화,숙박,숙박,스위트 본관 주말 숙박권 엘리야리조트(~12/30),,주말,종일,680000,340000,50,50.0,1,날짜지정,2026-09-10,날짜지정,2026-12-30,False
328609,4259812,엘리야리조트&풀빌라 숙박권,강화,숙박,숙박,스위트 별관동 준주말 숙박권 엘리야리조트(~12/30),,금요일,종일,680000,340000,50,50.0,1,날짜지정,2026-09-10,날짜지정,2026-12-30,False
328609,4259813,엘리야리조트&풀빌라 숙박권,강화,숙박,숙박,스위트 별관동 주말 숙박권 엘리야리조트(~12/30),,주말,종일,776000,388000,50,50.0,1,날짜지정,2026-09-10,날짜지정,2026-12-30,False
328673,4261735,에머슨 스위트 낙산,강원,숙박,숙박,그랜드 디럭스 더블(하프 오션) 주중(일~목),,주중,종일,240000,120000,50,50.0,1,날짜지정,2026-09-10,날짜지정,2026-12-29,True
328673,4261738,에머슨 스위트 낙산,강원,숙박,숙박,에머슨 하프 오션 스위트 주중(일~목),,주중,종일,262000,131000,50,50.0,1,날짜지정,2026-09-10,날짜지정,2026-12-29,False
328673,4261736,에머슨 스위트 낙산,강원,숙박,숙박,그랜드 디럭스 더블(하프 오션) 금요일,,금요일,종일,268000,134000,50,50.0,1,날짜지정,2026-09-10,날짜지정,2026-12-29,False
328673,4261741,에머슨 스위트 낙산,강원,숙박,숙박,에머슨 오션 스위트 주중(일~목),,주중,종일,284000,142000,50,50.0,1,날짜지정,2026-09-10,날짜지정,2026-12-29,False
328673,4261739,에머슨 스위트 낙산,강원,숙박,숙박,에머슨 하프 오션 스위트 금요일,,금요일,종일,312000,156000,50,50.0,1,날짜지정,2026-09-10,날짜지정,2026-12-29,False
328673,4261737,에머슨 스위트 낙산,강원,숙박,숙박,그랜드 디럭스 더블(하프 오션) 토요일,,토요일,종일,316000,158000,50,50.0,1,날짜지정,2026-09-10,날짜지정,2026-12-29,False
328673,4261742,에머슨 스위트 낙산,강원,숙박,숙박,에머슨 오션 스위트 금요일,,금요일,종일,334000,167000,50,50.0,1,날짜지정,2026-09-10,날짜지정,2026-12-29,False
328673,4261744,에머슨 스위트 낙산,강원,숙박,숙박,에머슨 풀 오션 스위트 주중(일~목),,주중,종일,350000,175000,50,50.0,1,날짜지정,2026-09-10,날짜지정,2026-12-29,False
328673,4261740,에머슨 스위트 낙산,강원,숙박,숙박,에머슨 하프 오션 스위트 토요일,,토요일,종일,360000,180000,50,50.0,1,날짜지정,2026-09-10,날짜지정,2026-12-29,False
328673,4261743,에머슨 스위트 낙산,강원,숙박,숙박,에머슨 오션 스위트 토요일,,토요일,종일,382000,191000,50,50.0,1,날짜지정,2026-09-10,날짜지정,2026-12-29,False
328673,4261747,에머슨 스위트 낙산,강원,숙박,숙박,에머슨 프리미엄 오션 스위트 주중(일~목),,주중,종일,394000,197000,50,50.0,1,날짜지정,2026-09-10,날짜지정,2026-12-29,False
328673,4261745,에머슨 스위트 낙산,강원,숙박,숙박,에머슨 풀 오션 스위트 금요일,,금요일,종일,400000,200000,50,50.0,1,날짜지정,2026-09-10,날짜지정,2026-12-29,False
328673,4261748,에머슨 스위트 낙산,강원,숙박,숙박,에머슨 프리미엄 오션 스위트 금요일,,금요일,종일,460000,230000,50,50.0,1,날짜지정,2026-09-10,날짜지정,2026-12-29,False
328673,4261746,에머슨 스위트 낙산,강원,숙박,숙박,에머슨 풀 오션 스위트 토요일,,토요일,종일,470000,235000,50,50.0,1,날짜지정,2026-09-10,날짜지정,2026-12-29,False
328673,4261749,에머슨 스위트 낙산,강원,숙박,숙박,에머슨 프리미엄 오션 스위트 토요일,,토요일,종일,494000,247000,50,50.0,1,날짜지정,2026-09-10,날짜지정,2026-12-29,False
328673,4261750,에머슨 스위트 낙산,강원,숙박,숙박,그랜드 디럭스 더블(하프 오션) 공휴일,,주중+주말,종일,494000,247000,50,50.0,1,날짜지정,2026-09-10,날짜지정,2026-12-29,False
328673,4261751,에머슨 스위트 낙산,강원,숙박,숙박,에머슨 하프 오션 스위트 공휴일,,주중+주말,종일,580000,290000,50,50.0,1,날짜지정,2026-09-10,날짜지정,2026-12-29,False
328673,4261752,에머슨 스위트 낙산,강원,숙박,숙박,에머슨 오션 스위트 공휴일,,주중+주말,종일,604000,302000,50,50.0,1,날짜지정,2026-09-10,날짜지정,2026-12-29,False
328673,4261753,에머슨 스위트 낙산,강원,숙박,숙박,에머슨 풀 오션 스위트 공휴일,,주중+주말,종일,660000,330000,50,50.0,1,날짜지정,2026-09-10,날짜지정,2026-12-29,False
328673,4261754,에머슨 스위트 낙산,강원,숙박,숙박,에머슨 프리미엄 오션 스위트 공휴일,,주중+주말,종일,726000,363000,50,50.0,1,날짜지정,2026-09-10,날짜지정,2026-12-29,False
329434,4272485,장암 아일랜드캐슬 워터파크 1인 종일권,의정부,워터파크,워터파크,(대소공통)장암 1인 종일권 (9/4~10/31)*구명조끼 미포함,대소공통,주중+주말,종일,45000,21000,53,53.3,1,날짜지정,2026-09-04,날짜지정,2026-10-31,True
225306,1795188,서울베스트의료의원 건강검진,서울,서울베스트의료의원,건강검진,종합건강검진 A형,,,,0,250000,0,,1,구매일,0,구매일,0,True
225306,1795189,서울베스트의료의원 건강검진,서울,서울베스트의료의원,건강검진,종합건강검진 B형,,,,0,300000,0,,1,구매일,0,구매일,0,False
225306,1795190,서울베스트의료의원 건강검진,서울,서울베스트의료의원,건강검진,종합건강검진 C형,,,,0,500000,0,,1,구매일,0,구매일,0,False
324512,4137407,동강흥국래프팅,영월,레져,액티비티,워터밤 물총 대여 동강흥국래프팅(~9/30),대소공통,주중+주말,,15000,10000,33,33.3,1,구매일,0,날짜지정,2026-09-30,True
324512,4137389,동강흥국래프팅,영월,레져,액티비티,래프팅 1인 이용권 동강흥국래프팅(~9/30),대소공통,주중+주말,,45000,30000,33,33.3,1,날짜지정,2026-06-17,날짜지정,2026-09-30,False
324512,4137393,동강흥국래프팅,영월,레져,액티비티,래프팅+다슬기체험 동강흥국래프팅(~9/30),대소공통,주중+주말,,55000,35000,36,36.4,1,구매일,0,날짜지정,2026-09-30,False
324512,4137405,동강흥국래프팅,영월,레져,액티비티,래프팅+조식or중식 동강흥국래프팅(~9/30),대소공통,주중+주말,,51000,38000,25,25.5,1,구매일,0,날짜지정,2026-09-30,False
324512,4137395,동강흥국래프팅,영월,레져,액티비티,래프팅+닭백숙 동강흥국래프팅(~9/30),대소공통,주중+주말,,60000,45000,25,25.0,1,구매일,0,날짜지정,2026-09-30,False
324512,4137397,동강흥국래프팅,영월,레져,액티비티,래프팅+닭볶음탕 동강흥국래프팅(~9/30),대소공통,주중+주말,,60000,45000,25,25.0,1,구매일,0,날짜지정,2026-09-30,False
324512,4137401,동강흥국래프팅,영월,레져,액티비티,래프팅+민물매운탕 동강흥국래프팅(~9/30),대소공통,주중+주말,,60000,45000,25,25.0,1,구매일,0,날짜지정,2026-09-30,False
324512,4137391,동강흥국래프팅,영월,레져,액티비티,래프팅+ATV 동강흥국래프팅(~9/30),대소공통,주중+주말,,85000,55000,35,35.3,1,구매일,0,날짜지정,2026-09-30,False
324512,4137403,동강흥국래프팅,영월,레져,액티비티,래프팅+서바이벌 동강흥국래프팅(~9/30),대소공통,주중+주말,,75000,55000,27,26.7,1,구매일,0,날짜지정,2026-09-30,False
324512,4137399,동강흥국래프팅,영월,레져,액티비티,래프팅+무제한삼겹살 동강흥국래프팅(~9/30),대소공통,주중+주말,,70000,55000,21,21.4,1,구매일,0,날짜지정,2026-09-30,False
330442,4305839,아산스파비스,아산,워터파크,워터파크,주중·주말공통이용권 아산스파비스(~26/12/31),대소공통,주중+주말,종일,50000,20000,60,60.0,1,날짜지정,2026-09-29,날짜지정,2026-12-31,True
330001,4293297,볼베어파크 실내 키즈카페,부천,테마파크,테마파크,평일 주말 통합권 대인권 부천 볼베어파크(~12/31),대인,주중+주말,종일,9000,7650,15,15.0,1,구매일,0,날짜지정,2026-12-31,True
330001,4293295,볼베어파크 실내 키즈카페,부천,테마파크,테마파크,평일 주말 통합권 영유아권 부천 볼베어파크(~12/31),소인,주중+주말,종일,12000,10200,15,15.0,1,구매일,0,날짜지정,2026-12-31,False
330001,4293296,볼베어파크 실내 키즈카페,부천,테마파크,테마파크,평일 주말 통합권 소인권 부천 볼베어파크(~12/31),소인,주중+주말,종일,28000,23800,15,15.0,1,구매일,0,날짜지정,2026-12-31,False
327536,4224461,세라젬 웰파크 부산기장점,부산,테마파크,테마파크,2시간 이용권 대인 세라젬 웰파크 부산기장점(~12/31),대인,주중+주말,종일,5000,4250,15,15.0,1,구매일,0,날짜지정,2026-12-31,True
327536,4224462,세라젬 웰파크 부산기장점,부산,테마파크,테마파크,2시간 이용권 소인 세라젬 웰파크 부산기장점(~12/31),소인,주중+주말,종일,18000,15300,15,15.0,1,구매일,0,날짜지정,2026-12-31,False
327536,4224463,세라젬 웰파크 부산기장점,부산,테마파크,테마파크,2시간 이용권 영유아 세라젬 웰파크 부산기장점(~12/31),소인,주중+주말,종일,15000,12750,15,15.0,1,구매일,0,날짜지정,2026-12-31,False
329938,4292815,세라젬 웰파크 위례점,경기 하남,테마파크,테마파크,통합권 3시간 대인 세라젬 웰파크 위례점(~12/31),대인,주중+주말,종일,7000,5950,15,15.0,1,구매일,0,날짜지정,2026-12-31,True
329938,4292816,세라젬 웰파크 위례점,경기 하남,테마파크,테마파크,통합권 3시간 소인 세라젬 웰파크 위례점(~12/31),소인,주중+주말,종일,24000,20400,15,15.0,1,구매일,0,날짜지정,2026-12-31,False
329938,4292817,세라젬 웰파크 위례점,경기 하남,테마파크,테마파크,통합권 3시간 영유아 세라젬 웰파크 위례점(~12/31),소인,주중+주말,종일,12000,10200,15,15.0,1,구매일,0,날짜지정,2026-12-31,False
313585,3857304,레포츠파크,강화,레져,액티비티,"강화레포츠파크 서바이벌 + 3,4,5번 짚라인+고카트 트렉3바퀴",대소공통,주중+주말,종일,0,43000,0,,1,구매일,0,구매일,30,True
313585,3857305,레포츠파크,강화,레져,액티비티,강화레포츠파크 서바이벌+5번레일 짚라인 or 고카트 트렉3바퀴,대소공통,주중+주말,종일,0,30000,0,,1,구매일,0,구매일,30,False
325961,4178511,하이원 워터월드,정선,워터파크,워터파크,준성수기 주중 대인권 하이원워터월드(8/31~10/18),대인,주중,종일,64000,28000,56,56.2,1,날짜지정,2026-08-31,날짜지정,2026-10-18,True
325961,4178512,하이원 워터월드,정선,워터파크,워터파크,준성수기 주중 소인권 하이원워터월드(8/31~10/18),소인,주중,종일,53000,26000,51,50.9,1,날짜지정,2026-08-31,날짜지정,2026-10-18,False
325961,4178513,하이원 워터월드,정선,워터파크,워터파크,준성수기 주말 대인권 하이원워터월드(8/31~10/18),대인,주말,종일,64000,31000,52,51.6,1,날짜지정,2026-08-31,날짜지정,2026-10-18,False
325961,4178514,하이원 워터월드,정선,워터파크,워터파크,준성수기 주말 소인권 하이원워터월드(8/31~10/18),소인,주말,종일,53000,28500,46,46.2,1,날짜지정,2026-08-31,날짜지정,2026-10-18,False
326087,4182558,스플라스 리솜 워터파크,예산,워터파크,워터파크,소인입장권 스플라스 워터파크(8/24~10/31),소인,주중+주말,종일,40000,27400,32,31.5,1,날짜지정,2026-08-24,날짜지정,2026-10-31,True
326087,4182557,스플라스 리솜 워터파크,예산,워터파크,워터파크,대인입장권 스플라스 워터파크(8/24~10/31),대인,주중+주말,종일,55000,37800,31,31.3,1,날짜지정,2026-08-24,날짜지정,2026-10-31,False
326024,4180630,포레스트 리솜 해브나인 웰니스 스파,제천,워터파크,워터파크,소인이용권 포레스트리솜(8/24~10/31),소인,주중+주말,종일,45000,31000,31,31.1,1,날짜지정,2026-08-24,날짜지정,2026-10-31,True
326024,4180629,포레스트 리솜 해브나인 웰니스 스파,제천,워터파크,워터파크,대인이용권 포레스트리솜(8/24~10/31),대인,주중+주말,종일,60000,41200,31,31.3,1,날짜지정,2026-08-24,날짜지정,2026-10-31,False
326150,4183889,아일랜드 리솜 오아식스 선셋스파,태안,워터파크,워터파크,대인이용권 아일랜드리솜(8/24~10/31),대인,주중+주말,종일,40000,34500,14,13.8,1,날짜지정,2026-08-24,날짜지정,2026-10-31,True
293316,3432000,현대자동차(제네시스) 外 전차종 판매,분당오리대리점,자동차 구매,제네시스,GENESIS GV70 (* 합리적 판매가격 상담문의 양현석부장  010-5014-3608),,,,0,0,100,,1,구매일,0,구매일,0,True
293316,3432001,현대자동차(제네시스) 外 전차종 판매,분당오리대리점,자동차 구매,제네시스,GENESIS G80 (* 합리적 판매가격 상담문의 양현석부장 010-5014-3608),,,,0,0,100,,1,구매일,0,구매일,0,False
293316,3432002,현대자동차(제네시스) 外 전차종 판매,분당오리대리점,자동차 구매,제네시스,GENESIS GV80 (* 합리적 판매가격 상담문의 양현석부장 010-5014-3608),,,,0,0,100,,1,구매일,0,구매일,0,False
293316,3432003,현대자동차(제네시스) 外 전차종 판매,분당오리대리점,자동차 구매,제네시스,GENESIS G90 (* 합리적 판매가격 상담문의 양현석부장 010-5014-3608),,,,0,0,100,,1,구매일,0,구매일,0,False
311872,3803857,부산영화체험박물관 + 씨네뮤지엄 PKG,부산,테마파크,테마파크,대소공통 통합권 부산영화체험박물관PKG,대소공통,주중+주말,종일,20000,10800,46,46.0,1,구매일,0,구매일,60,True
326465,4195837,파라다이스 스파 도고,아산,워터파크,워터파크,로우시즌 종일권 스파 도고(9/1~12/17),대소공통,주중+주말,종일,55000,28900,47,47.5,1,날짜지정,2026-09-01,날짜지정,2026-12-17,True
325709,4173281,설악 워터피아,속초,워터파크,워터파크,2인 주간권 미들시즌 설악워터피아(8/24~10/11),대소공통,주중+주말,종일,124000,68000,45,45.2,1,날짜지정,2026-08-24,날짜지정,2026-10-11,True
325709,4173282,설악 워터피아,속초,워터파크,워터파크,3인 주간권 미들시즌 설악워터피아(8/24~10/11),대소공통,주중+주말,종일,186000,96900,48,47.9,1,날짜지정,2026-08-24,날짜지정,2026-10-11,False
325709,4173283,설악 워터피아,속초,워터파크,워터파크,4인 주간권 미들시즌 설악워터피아(8/24~10/11),대소공통,주중+주말,종일,248000,126000,49,49.2,1,날짜지정,2026-08-24,날짜지정,2026-10-11,False
325709,4173284,설악 워터피아,속초,워터파크,워터파크,2인 나이트스파 미들시즌 설악워터피아(8/24~10/11),대소공통,주중+주말,종일,84000,46000,45,45.2,1,날짜지정,2026-08-24,날짜지정,2026-10-11,False
325709,4173285,설악 워터피아,속초,워터파크,워터파크,3인 나이트스파 미들시즌 설악워터피아(8/24~10/11),대소공통,주중+주말,종일,126000,65400,48,48.1,1,날짜지정,2026-08-24,날짜지정,2026-10-11,False
325709,4173286,설악 워터피아,속초,워터파크,워터파크,4인 나이트스파 미들시즌 설악워터피아(8/24~10/11),대소공통,주중+주말,종일,168000,85000,49,49.4,1,날짜지정,2026-08-24,날짜지정,2026-10-11,False
325709,4173287,설악 워터피아,속초,워터파크,워터파크,2인 종일권 미들시즌 설악워터피아(8/24~10/11),대소공통,주중+주말,종일,160000,88000,45,45.0,1,날짜지정,2026-08-24,날짜지정,2026-10-11,False
325709,4173288,설악 워터피아,속초,워터파크,워터파크,3인 종일권 미들시즌 설악워터피아(8/24~10/11),대소공통,주중+주말,종일,240000,124800,48,48.0,1,날짜지정,2026-08-24,날짜지정,2026-10-11,False
325709,4173289,설악 워터피아,속초,워터파크,워터파크,4인 종일권 미들시즌 설악워터피아(8/24~10/11),대소공통,주중+주말,종일,320000,162000,49,49.4,1,날짜지정,2026-08-24,날짜지정,2026-10-11,False
330127,4294515,웅진플레이도시 워터파크,부천,워터파크,워터파크,종일권 로우시즌 웅진플레이도시(~10/31),대소공통,주중+주말,종일권,60000,27000,55,55.0,1,날짜지정,2026-09-07,날짜지정,2026-10-31,True
319087,4015582,런닝맨&다이나믹메이즈,부산,테마파크,테마파크,이용권 런닝맨(60분)(~10/31),대소공통,주중+주말,,19000,14000,26,26.3,1,날짜지정,2025-12-01,날짜지정,2026-10-31,True
319087,4015583,런닝맨&다이나믹메이즈,부산,테마파크,테마파크,이용권 다이나믹메이즈(~10/31),대소공통,주중+주말,,16000,13000,19,18.8,1,날짜지정,2025-12-01,날짜지정,2026-10-31,False
319087,4015584,런닝맨&다이나믹메이즈,부산,테마파크,테마파크,종합권 런닝맨(60분)+다이나믹메이즈PKG(~10/31),대소공통,주중+주말,,29000,22000,24,24.1,1,날짜지정,2025-12-01,날짜지정,2026-10-31,False
319087,4015585,런닝맨&다이나믹메이즈,부산,테마파크,테마파크,이용권 런닝맨(90분)(~10/31),대소공통,주중+주말,,25000,19000,24,24.0,1,날짜지정,2025-12-01,날짜지정,2026-10-31,False
319087,4015586,런닝맨&다이나믹메이즈,부산,테마파크,테마파크,종합권 런닝맨(90분)+다이나믹메이즈PKG(~10/31),대소공통,주중+주말,,35000,24000,31,31.4,1,날짜지정,2025-12-01,날짜지정,2026-10-31,False
319150,4016432,런닝맨 or 다이나믹메이즈,인사동,테마파크,테마파크,런닝맨 1시간 이용권(~10/31),대소공통,주중+주말,,19000,15000,21,21.1,1,날짜지정,2025-12-01,날짜지정,2026-10-31,True
319150,4016434,런닝맨 or 다이나믹메이즈,인사동,테마파크,테마파크,런닝맨 1시간30분 이용권(~10/31),대소공통,주중+주말,,25000,20000,20,20.0,1,날짜지정,2025-12-01,날짜지정,2026-10-31,False
319150,4016433,런닝맨 or 다이나믹메이즈,인사동,테마파크,테마파크,다이나믹메이즈 이용권(~10/31),대소공통,주중+주말,,16000,13000,19,18.8,1,날짜지정,2025-12-01,날짜지정,2026-10-31,False
292620,3414132,네이처스케이프 플러스,화성,테마파크,테마파크,주중종일·주말4시간 이용권 네이처스케이프플러스,대소공통,주중+주말,종일,29500,19000,36,35.6,1,구매일,0,구매일,60,True
327851,4226212,알파카월드,홍천,테마파크,테마파크,1인 입장권 알파카월드(~11/30),대인,주중+주말,종일,18000,14500,19,19.4,1,구매일,0,날짜지정,2026-11-30,True
322055,4070593,허브아일랜드,경기,테마파크,테마파크,1인 주중 소인 입장권 허브아일랜드(~12/31),소인,주중,종일,8000,7000,13,12.5,1,구매일,0,날짜지정,2026-12-31,True
322055,4070591,허브아일랜드,경기,테마파크,테마파크,1인 주말 소인 입장권 허브아일랜드(~12/31),소인,주중+주말,종일,10000,9000,10,10.0,1,구매일,0,날짜지정,2026-12-31,False
322055,4070592,허브아일랜드,경기,테마파크,테마파크,1인 주중 대인 입장권 허브아일랜드(~12/31),대인,주중,종일,10000,9000,10,10.0,1,구매일,0,날짜지정,2026-12-31,False
322055,4070590,허브아일랜드,경기,테마파크,테마파크,1인 주말 대인 입장권 허브아일랜드(~12/31),대인,주중+주말,종일,12000,11000,8,8.3,1,구매일,0,날짜지정,2026-12-31,False
327788,4226011,드림닥터 대구점 의사직업체험,대구,테마파크,테마파크,보호자 이용권 대구 드림닥터(~10/31),대인,주중+주말,종일,8000,7200,10,10.0,1,구매일,0,날짜지정,2026-10-31,True
327788,4226009,드림닥터 대구점 의사직업체험,대구,테마파크,테마파크,레지던트권 대구 드림닥터(~10/31),대소공통,주중+주말,종일,37000,29600,20,20.0,1,구매일,0,날짜지정,2026-10-31,False
327788,4226010,드림닥터 대구점 의사직업체험,대구,테마파크,테마파크,전문의권 대구 드림닥터(~10/31),대소공통,주중+주말,종일,46000,36800,20,20.0,1,구매일,0,날짜지정,2026-10-31,False
327725,4225557,드림닥터 대전점 의사직업체험,대전,테마파크,테마파크,보호자권 대전 드림닥터(~10/31),대소공통,주중+주말,종일,8000,6400,20,20.0,1,구매일,0,날짜지정,2026-10-31,True
327725,4225560,드림닥터 대전점 의사직업체험,대전,테마파크,테마파크,2시간권 대전 드림닥터(~10/31),대소공통,주중+주말,종일,28000,22400,20,20.0,1,구매일,0,날짜지정,2026-10-31,False
327725,4225558,드림닥터 대전점 의사직업체험,대전,테마파크,테마파크,레지던트권 대전 드림닥터(~10/31),대소공통,주중+주말,종일,37000,29600,20,20.0,1,구매일,0,날짜지정,2026-10-31,False
327725,4225559,드림닥터 대전점 의사직업체험,대전,테마파크,테마파크,4시간권 대전 드림닥터(~10/31),대소공통,주중+주말,종일,37000,29600,20,20.0,1,구매일,0,날짜지정,2026-10-31,False
311557,3798413,원더파크,과천,테마파크,테마파크,소인이용권 원더파크,소인,주중+주말,종일,19000,14500,24,23.7,1,구매일,0,구매일,60,True
311557,3798411,원더파크,과천,테마파크,테마파크,대인이용권 원더파크,대인,주중+주말,종일,22000,16500,25,25.0,1,구매일,0,구매일,60,False
311746,3802694,버드파크,경주/오산,테마파크,테마파크,대인이용권 오산버드파크,대인,주중+주말,종일,23000,17800,23,22.6,1,구매일,0,구매일,60,True
311746,3802695,버드파크,경주/오산,테마파크,테마파크,소인이용권 오산버드파크,소인,주중+주말,종일,19000,14800,22,22.1,1,구매일,0,구매일,60,False
311746,3802696,버드파크,경주/오산,테마파크,테마파크,대인이용권 경주버드파크,대인,주중+주말,종일,20000,16300,19,18.5,1,구매일,0,구매일,60,False
311746,3802697,버드파크,경주/오산,테마파크,테마파크,소인이용권 경주버드파크,소인,주중+주말,종일,15000,12300,18,18.0,1,구매일,0,구매일,60,False
319024,4013859,루덴시아,여주,테마파크,테마파크,주중 대인입장권 루덴시아(~9/30),대인,주중,종일,27000,14500,46,46.3,1,날짜지정,2025-11-01,날짜지정,2026-09-30,True
319024,4013860,루덴시아,여주,테마파크,테마파크,주중 소인입장권 루덴시아(~9/30),소인,주중,종일,17000,10000,41,41.2,1,날짜지정,2025-11-01,날짜지정,2026-09-30,False
319024,4013857,루덴시아,여주,테마파크,테마파크,주말 대인입장권 루덴시아(~9/30),대인,주말,종일,27000,18500,31,31.5,1,날짜지정,2025-11-01,날짜지정,2026-09-30,False
319024,4013858,루덴시아,여주,테마파크,테마파크,주말 소인입장권 루덴시아(~9/30),소인,주말,종일,17000,11500,32,32.4,1,날짜지정,2025-11-01,날짜지정,2026-09-30,False
327284,4222938,타이거펀치 키즈랜드,진주,테마파크,테마파크,주중 3시간 대인 입장권 타이거펀치(~10/31),대인,주중,종일,7000,5000,29,28.6,1,날짜지정,2026-05-08,날짜지정,2026-10-31,True
327284,4222939,타이거펀치 키즈랜드,진주,테마파크,테마파크,주중 3시간 소인 입장권 타이거펀치(~10/31),소인,주중,종일,23000,16500,28,28.3,1,날짜지정,2026-05-08,날짜지정,2026-10-31,False
327284,4222940,타이거펀치 키즈랜드,진주,테마파크,테마파크,주말 2시간 대인 입장권 타이거펀치(~10/31),대인,주말,종일,7000,5500,21,21.4,1,날짜지정,2026-05-08,날짜지정,2026-10-31,False
327284,4222941,타이거펀치 키즈랜드,진주,테마파크,테마파크,주말 2시간 소인 입장권 타이거펀치(~10/31),소인,주말,종일,25000,20000,20,20.0,1,날짜지정,2026-05-08,날짜지정,2026-10-31,False
328862,4264323,캐니언파크,울산,테마파크,테마파크,평일/주말 유아입장권+실내놀이동산PKG 캐니언파크(~12/31),소인,주중+주말,종일,20000,10000,50,50.0,1,구매일,0,날짜지정,2026-12-31,True
328862,4264326,캐니언파크,울산,테마파크,테마파크,평일 입장권 캐니언파크(~12/31),대소공통,주중,종일,22000,11900,46,45.9,1,구매일,0,날짜지정,2026-12-31,False
328862,4264324,캐니언파크,울산,테마파크,테마파크,주말/공휴일 입장권 캐니언파크(~12/31),대소공통,주중+주말,종일,25000,13900,44,44.4,1,구매일,0,날짜지정,2026-12-31,False
328862,4264327,캐니언파크,울산,테마파크,테마파크,평일 입장권+실내놀이동산PKG 캐니언파크(~12/31),대소공통,주중,종일,25000,13900,44,44.4,1,구매일,0,날짜지정,2026-12-31,False
328862,4264325,캐니언파크,울산,테마파크,테마파크,주말/공휴일 입장권+실내놀이동산PKG 캐니언파크(~12/31),대소공통,주중+주말,종일,25000,15900,36,36.4,1,구매일,0,날짜지정,2026-12-31,False
325394,4161278,원더스페이스 보문점,경주,테마파크,테마파크,통합이용권A 원더스페이스(~10/31),대소공통,주중+주말,종일,50000,23000,54,54.0,1,구매일,0,날짜지정,2026-10-31,True
326906,4208422,프로방스,청도,테마파크,테마파크,입장권 프로방스(~9/30),대소공통,주중+주말,종일,14900,8900,40,40.3,1,구매일,0,날짜지정,2026-09-30,True
322370,4077596,네이처파크,대구,테마파크,테마파크,1인 종일권 네이처파크(~9/30),대소공통,주중+주말,종일,20000,10000,50,50.0,1,구매일,0,날짜지정,2026-09-30,True
322370,4077597,네이처파크,대구,테마파크,테마파크,1인 종일권+교감키트 네이처파크(~9/30),대소공통,주중+주말,종일,25000,13500,46,46.0,1,구매일,0,날짜지정,2026-09-30,False
325898,4177697,엑스포대공원,경주,테마파크,테마파크,소인 이용권 엑스포 대공원(~10/31),소인,주중+주말,종일,14900,8100,46,45.6,1,구매일,0,날짜지정,2026-10-31,True
325898,4177696,엑스포대공원,경주,테마파크,테마파크,대인 이용권 엑스포 대공원(~10/31),대인,주중+주말,종일,14900,8500,43,43.0,1,구매일,0,날짜지정,2026-10-31,False
325142,4156276,아쿠아필드,하남/고양/안성,워터파크,워터파크,워터파크 6시간 이용권 아쿠아필드(3개 지점 중 택1)(8/18~10/26),대소공통,주중+주말,,58000,32500,44,44.0,1,날짜지정,2026-08-18,날짜지정,2026-10-26,True
325142,4156277,아쿠아필드,하남/고양/안성,워터파크,워터파크,찜질스파 6시간 이용권 아쿠아필드(3개 지점 중 택1)(8/18~10/26),대소공통,주중+주말,,26000,19200,26,26.2,1,날짜지정,2026-08-18,날짜지정,2026-10-26,False
325142,4156278,아쿠아필드,하남/고양/안성,워터파크,워터파크,멀티패스(워터파크+찜질스파) 9시간 이용권 아쿠아필드(3개 지점 중 택1)(8/18~10/26),대소공통,주중+주말,,68000,38000,44,44.1,1,날짜지정,2026-08-18,날짜지정,2026-10-26,False
328355,4249560,썬밸리 워터파크,여주,워터파크,워터파크,비수기 대인종일권 썬밸리(8/24~9/30),대인,주중+주말,종일,38000,20700,46,45.5,1,날짜지정,2026-08-24,날짜지정,2026-09-30,True
328355,4249561,썬밸리 워터파크,여주,워터파크,워터파크,비수기 소인종일권 썬밸리(8/24~9/30),대인,주중+주말,종일,38000,16000,58,57.9,1,날짜지정,2026-08-24,날짜지정,2026-09-30,False
328355,4249562,썬밸리 워터파크,여주,워터파크,워터파크,3인PKG 대소공통 주말 및 공휴일 이용권 썬밸리(~11/29),대소공통,주말,종일,114000,40000,65,64.9,1,날짜지정,2026-09-08,날짜지정,2026-11-29,False
329497,4276285,클럽디오아시스 스파&워터파크,부산,워터파크,워터파크,클럽디오아시스 나이트스파권(9/1~9/30),대소공통,주중+주말,종일,33000,17000,48,48.5,1,날짜지정,2026-09-01,날짜지정,2026-09-30,True
329497,4276284,클럽디오아시스 스파&워터파크,부산,워터파크,워터파크,클럽디오아시스 스파권(4H)(9/1~9/30),대소공통,주중+주말,종일,33000,20500,38,37.9,1,날짜지정,2026-09-01,날짜지정,2026-09-30,False
329497,4276283,클럽디오아시스 스파&워터파크,부산,워터파크,워터파크,클럽디오아시스 스파권(6H)(9/1~9/30),대소공통,주중+주말,종일,33000,24000,27,27.3,1,날짜지정,2026-09-01,날짜지정,2026-09-30,False
329497,4276282,클럽디오아시스 스파&워터파크,부산,워터파크,워터파크,클럽디오아시스 워터파크+찜질 통합권(7H)(9/1~9/30),대소공통,주중+주말,종일,54000,28900,46,46.5,1,날짜지정,2026-09-01,날짜지정,2026-09-30,False
329497,4276281,클럽디오아시스 스파&워터파크,부산,워터파크,워터파크,클럽디오아시스 워터파크+찜질 통합권(10H)(9/1~9/30),대소공통,주중+주말,종일,54000,31900,41,40.9,1,날짜지정,2026-09-01,날짜지정,2026-09-30,False
329497,4276286,클럽디오아시스 스파&워터파크,부산,워터파크,워터파크,클럽디오아시스 통합권 10회권(~11/30),대소공통,주중+주말,종일,540000,220000,59,59.3,1,날짜지정,2026-09-01,날짜지정,2026-11-30,False
330190,4296709,프렌디노 공룡 어린이키즈,고양,테마파크,테마파크,프렌디노 공룡 어린이키즈 대인종일권(~11/1),대인,주중+주말,종일,10000,7000,30,30.0,1,날짜지정,2025-09-01,날짜지정,2026-11-01,True
330190,4296710,프렌디노 공룡 어린이키즈,고양,테마파크,테마파크,프렌디노 공룡 어린이키즈 소인_2시간권(~11/1),소인,주중+주말,,24000,16000,33,33.3,1,날짜지정,2025-09-01,날짜지정,2026-11-01,False
330190,4296711,프렌디노 공룡 어린이키즈,고양,테마파크,테마파크,프렌디노 공룡 어린이키즈 소인종일권(~11/1),소인,주중+주말,종일,30000,22000,27,26.7,1,날짜지정,2025-09-01,날짜지정,2026-11-01,False
330190,4296712,프렌디노 공룡 어린이키즈,고양,테마파크,테마파크,프렌디노 공룡 어린이키즈 주중 대인1(종일권)+주중 소인1(2시간권)(~11/1),성인1+어린이1,주중,,34000,22000,35,35.3,1,날짜지정,2025-09-01,날짜지정,2026-11-01,False
326780,4205371,프리미어 뽀로로테마파크 다산 위드트래블,남양주,테마파크,테마파크,주중 대인 종일권 뽀로로파크(~9/30),대인,주중,종일,30000,15000,50,50.0,1,날짜지정,2026-06-01,날짜지정,2026-09-30,True
326780,4205369,프리미어 뽀로로테마파크 다산 위드트래블,남양주,테마파크,테마파크,주말 대인 종일권 뽀로로파크(~9/30),대인,주말,종일,30000,18000,40,40.0,1,날짜지정,2026-06-01,날짜지정,2026-09-30,False
326780,4205372,프리미어 뽀로로테마파크 다산 위드트래블,남양주,테마파크,테마파크,주중 소인 종일권 뽀로로파크(~9/30),소인,주중,종일,40000,20000,50,50.0,1,날짜지정,2026-06-01,날짜지정,2026-09-30,False
326780,4205370,프리미어 뽀로로테마파크 다산 위드트래블,남양주,테마파크,테마파크,주말 소인 종일권 뽀로로파크(~9/30),소인,주말,종일,40000,24000,40,40.0,1,날짜지정,2026-06-01,날짜지정,2026-09-30,False
330379,4303797,경주 뽀로로아쿠아빌리지 워터파크,경북,워터파크,워터파크,주중권 뽀로로아쿠아빌리지(10/1~10/30),대소공통,주중,,50000,24900,50,50.2,1,날짜지정,2026-10-01,날짜지정,2026-10-30,True
330379,4303796,경주 뽀로로아쿠아빌리지 워터파크,경북,워터파크,워터파크,주말권 뽀로로아쿠아빌리지(10/3 ~10/31),대소공통,주말,,50000,28900,42,42.2,1,날짜지정,2026-10-03,날짜지정,2026-10-31,False
325268,4160045,화순아쿠아나,화순,워터파크,워터파크,주중종일권 비수기 화순아쿠아나(8/31~12/31),대소공통,주중,종일,55000,18000,67,67.3,1,날짜지정,2026-08-31,날짜지정,2026-12-31,True
325268,4160046,화순아쿠아나,화순,워터파크,워터파크,주말종일권 비수기 화순아쿠아나(8/31~12/31),대소공통,주말,종일,55000,21000,62,61.8,1,날짜지정,2026-08-31,날짜지정,2026-12-31,False
326591,4197539,씨랄라 워터파크,서울,워터파크,워터파크,대소공통 종일권 씨랄라 워터파크(9/1~10/31),대소공통,주말,종일,40000,24900,38,37.8,1,날짜지정,2026-09-01,날짜지정,2026-10-31,True
326591,4197540,씨랄라 워터파크,서울,워터파크,워터파크,대소공통 오후권(AFTER3) 씨랄라 워터파크(9/1~10/31),대소공통,주말,오후,40000,18900,53,52.8,1,날짜지정,2026-09-01,날짜지정,2026-10-31,False
320284,4035257,아르티스 테마파크,동탄,테마파크,테마파크,7종 먹이주기 체험 풀세트 아르티스 테마파크(~12/31),대소공통,주중+주말,종일,7000,6200,11,11.4,1,구매일,0,날짜지정,2026-12-31,True
320284,4035255,아르티스 테마파크,동탄,테마파크,테마파크,대인 입장권 아르티스 테마파크(~12/31),대인,주중+주말,종일,35000,15200,57,56.6,1,구매일,0,날짜지정,2026-12-31,False
320284,4035256,아르티스 테마파크,동탄,테마파크,테마파크,소인 입장권 아르티스 테마파크(~12/31),소인,주중+주말,종일,32000,17000,47,46.9,1,구매일,0,날짜지정,2026-12-31,False
309658,3758058,베고니아 새정원,가평,테마파크,테마파크,대인입장권 베고니아 새정원(~12/31),대인,주중+주말,종일,18000,15000,17,16.7,1,날짜지정,2026-03-24,날짜지정,2026-12-31,True
309658,3758059,베고니아 새정원,가평,테마파크,테마파크,소인입장권 베고니아 새정원(~12/31),소인,주중+주말,종일,12500,10500,16,16.0,1,날짜지정,2026-03-24,날짜지정,2026-12-31,False
328229,4245734,쇼츠 -SHOWS -세계최초 액션 퍼포먼스펍-,홍대,공연,콘서트,[홍대] 쇼츠 공연관람권 (토요일 19:30),대소공통,주중+주말,,40000,19000,53,52.5,1,구매일,0,구매일,30,True
330253,4299534,씨라이프 부산아쿠아리움,부산,테마파크,아쿠아리움,입장권 부산아쿠아리움(~11/30),대소공통,주중+주말,종일,31000,23500,24,24.2,1,날짜지정,2026-01-20,날짜지정,2026-11-30,True
330253,4299533,씨라이프 부산아쿠아리움,부산,테마파크,아쿠아리움,브릭맨원더월드+부산아쿠아리움 PKG(~11/30),대소공통,주중+주말,종일,39500,30000,24,24.1,1,날짜지정,2026-01-20,날짜지정,2026-11-30,False
327095,4219745,일산아쿠아플라넷,일산,테마파크,아쿠아리움,입장권 일산아쿠아플라넷,대소공통,주중+주말,종일,31000,22500,27,27.4,1,구매일,0,구매일,60,True
279057,3115153,제주아쿠아플라넷,제주,테마파크,아쿠아리움,이용권 제주아쿠아플라넷,대소공통,주중+주말,종일,43700,34300,22,21.5,1,구매일,0,구매일,60,True
330316,4301580,제주아쿠아나,제주,워터파크,워터파크,이용권 제주아쿠아나(~11/30),대소공통,주중+주말,종일,35000,18000,49,48.6,1,날짜지정,2026-06-29,날짜지정,2026-11-30,True
328292,4246162,센텀 스파랜드,부산,워터파크,워터파크,4시간이용권 센텀스파랜드(~10/29),대소공통,주중+주말,,26000,20500,21,21.2,1,날짜지정,2026-07-01,날짜지정,2026-10-29,True
328481,4255678,파라다이스 스파도고 캐빈파크,아산,숙박,숙박,디럭스 주중 하반기 로우시즌 ROOM ONLY 파라다이스스파도고캐빈파크,,주중,종일,160000,156000,3,2.5,1,구매일,0,날짜지정,2026-10-31,True
328481,4255680,파라다이스 스파도고 캐빈파크,아산,숙박,숙박,하이브로우 주중 하반기 로우시즌 ROOM ONLY 파라다이스스파도고캐빈파크,,주중,종일,170000,165000,3,2.9,1,구매일,0,날짜지정,2026-10-31,False
328481,4255674,파라다이스 스파도고 캐빈파크,아산,숙박,숙박,디럭스 주중 하반기 로우시즌 파라다이스스파도고캐빈파크,,주중,종일,210000,200000,5,4.8,1,구매일,0,날짜지정,2026-10-31,False
328481,4255676,파라다이스 스파도고 캐빈파크,아산,숙박,숙박,하이브로우 주중 하반기 로우시즌 파라다이스스파도고캐빈파크,,주중,종일,220000,209000,5,5.0,1,구매일,0,날짜지정,2026-10-31,False
328481,4255679,파라다이스 스파도고 캐빈파크,아산,숙박,숙박,디럭스 주말 하반기 로우시즌 ROOM ONLY 파라다이스스파도고캐빈파크,,주말,종일,235500,228000,3,3.2,1,구매일,0,날짜지정,2026-10-31,False
328481,4255681,파라다이스 스파도고 캐빈파크,아산,숙박,숙박,하이브로우 주말 하반기 로우시즌 ROOM ONLY 파라다이스스파도고캐빈파크,,주말,종일,244000,234000,4,4.1,1,구매일,0,날짜지정,2026-10-31,False
328481,4255675,파라다이스 스파도고 캐빈파크,아산,숙박,숙박,디럭스 주말 하반기 로우시즌 파라다이스스파도고캐빈파크,,주말,종일,310000,293000,5,5.5,1,구매일,0,날짜지정,2026-10-31,False
328481,4255677,파라다이스 스파도고 캐빈파크,아산,숙박,숙박,하이브로우 주말 하반기 로우시즌 파라다이스스파도고캐빈파크,,주말,종일,320000,302000,6,5.6,1,구매일,0,날짜지정,2026-10-31,False
328799,4263829,세종공룡월드,세종,테마파크,테마파크,주중종일권 세종공룡월드(~10/11),대소공통,주중,종일,18000,14400,20,20.0,1,구매일,0,날짜지정,2026-10-11,True
328799,4263830,세종공룡월드,세종,테마파크,테마파크,주말/공휴일 종일권 세종공룡월드(~10/11),대소공통,주말,종일,20000,16200,19,19.0,1,구매일,0,날짜지정,2026-10-11,False
329686,4291181,시흥공룡월드,시흥,테마파크,테마파크,주중 종일권 시흥공룡월드(~12/31),대소공통,주중,종일,25000,19800,21,20.8,1,구매일,0,날짜지정,2026-12-31,True
329686,4291182,시흥공룡월드,시흥,테마파크,테마파크,주말/공휴일 종일권 시흥공룡월드(~12/31),대소공통,주말,종일,28000,22500,20,19.6,1,구매일,0,날짜지정,2026-12-31,False
329749,4291398,아산공룡월드,아산,테마파크,테마파크,주중·주말공통 종일권 아산공룡월드(~12/31),대소공통,주중+주말,종일,20000,16200,19,19.0,1,구매일,0,날짜지정,2026-12-31,True
330064,4293611,용인공룡월드,용인,테마파크,테마파크,주중종일권 용인공룡월드(~12/31),대소공통,주중,종일,22000,18000,18,18.2,1,구매일,0,날짜지정,2026-12-31,True
330064,4293612,용인공룡월드,용인,테마파크,테마파크,주말/공휴일 종일권 용인공룡월드(~12/31),대소공통,주말,종일,25000,20700,17,17.2,1,구매일,0,날짜지정,2026-12-31,False
329875,4292143,동탄공룡월드,동탄,테마파크,테마파크,주중 종일대인권 동탄공룡월드(~12/31),대인,주중,종일,12000,8700,28,27.5,1,구매일,0,날짜지정,2026-12-31,True
329875,4292145,동탄공룡월드,동탄,테마파크,테마파크,주말/공휴일 종일대인권 동탄공룡월드(~12/31),대인,주말,종일,15000,10800,28,28.0,1,구매일,0,날짜지정,2026-12-31,False
329875,4292142,동탄공룡월드,동탄,테마파크,테마파크,주중 종일소인권 동탄공룡월드(~12/31),소인,주중,종일,20000,14400,28,28.0,1,구매일,0,날짜지정,2026-12-31,False
329875,4292144,동탄공룡월드,동탄,테마파크,테마파크,주말/공휴일 종일소인권 동탄공룡월드(~12/31),소인,주말,종일,22000,15900,28,27.7,1,구매일,0,날짜지정,2026-12-31,False
329812,4291631,인천공룡월드,인천,테마파크,테마파크,주중종일권 인천공룡월드(~12/31),대소공통,주중,종일,22000,18000,18,18.2,1,구매일,0,날짜지정,2026-12-31,True
329812,4291632,인천공룡월드,인천,테마파크,테마파크,주말/공휴일 종일권 인천공룡월드(~12/31),대소공통,주말,종일,25000,20700,17,17.2,1,구매일,0,날짜지정,2026-12-31,False
327662,4225062,천안 공룡월드&키즈카페,천안,테마파크,테마파크,주중 종일권 천안공룡월드(~10/31),대소공통,주중,종일,23000,17900,22,22.2,1,구매일,0,날짜지정,2026-10-31,True
327662,4225063,천안 공룡월드&키즈카페,천안,테마파크,테마파크,주말 종일권 천안공룡월드(~10/31),대소공통,주말,종일,25000,19900,20,20.4,1,구매일,0,날짜지정,2026-10-31,False
329623,4285830,히어로 플레이파크,전국,테마파크,테마파크,대구점 반일 소인권 히어로플레이파크(5시간)(~10/31),소인,주중+주말,종일,30000,21600,28,28.0,1,구매일,0,날짜지정,2026-10-31,True
329623,4285831,히어로 플레이파크,전국,테마파크,테마파크,대구점 보호자 입장권 히어로플레이파크(~10/31),대인,주중+주말,종일,10000,6300,37,37.0,1,구매일,0,날짜지정,2026-10-31,False
329623,4285832,히어로 플레이파크,전국,테마파크,테마파크,부산정관점 반일 소인권 히어로플레이파크(5시간)(~10/31),소인,주중+주말,종일,30000,21600,28,28.0,1,구매일,0,날짜지정,2026-10-31,False
329623,4285833,히어로 플레이파크,전국,테마파크,테마파크,부산정관점 보호자 입장권 히어로플레이파크(~10/31),대인,주중+주말,종일,10000,6300,37,37.0,1,구매일,0,날짜지정,2026-10-31,False
329623,4285834,히어로 플레이파크,전국,테마파크,테마파크,김해점 반일 소인권 히어로플레이파크(5시간)(~10/31),소인,주중+주말,종일,30000,21600,28,28.0,1,구매일,0,날짜지정,2026-10-31,False
329623,4285835,히어로 플레이파크,전국,테마파크,테마파크,김해점 보호자 입장권 히어로플레이파크(~10/31),대인,주중+주말,종일,10000,6300,37,37.0,1,구매일,0,날짜지정,2026-10-31,False
329623,4285836,히어로 플레이파크,전국,테마파크,테마파크,의정부점 반일 소인권 히어로플레이파크(5시간)(~10/31),소인,주중+주말,종일,30000,13900,54,53.7,1,구매일,0,날짜지정,2026-10-31,False
329623,4285837,히어로 플레이파크,전국,테마파크,테마파크,의정부점 보호자 입장권 히어로플레이파크(5시간)(~10/31),대인,주중+주말,종일,30000,6300,79,79.0,1,구매일,0,날짜지정,2026-10-31,False
329623,4285838,히어로 플레이파크,전국,테마파크,테마파크,창원마산점 반일 소인권 히어로플레이파크(5시간)(~10/31),소인,주중+주말,종일,30000,21600,28,28.0,1,구매일,0,날짜지정,2026-10-31,False
329623,4285839,히어로 플레이파크,전국,테마파크,테마파크,창원마산점 보호자 입장권 히어로플레이파크(~10/31),대인,주중+주말,종일,10000,8900,11,11.0,1,구매일,0,날짜지정,2026-10-31,False
329623,4285840,히어로 플레이파크,전국,테마파크,테마파크,경주점 반일 소인권 히어로플레이파크(5시간)(~10/31),소인,주중+주말,종일,30000,21600,28,28.0,1,구매일,0,날짜지정,2026-10-31,False
329623,4285841,히어로 플레이파크,전국,테마파크,테마파크,경주점 보호자 입장권 히어로플레이파크(5시간)(~10/31),대인,주중+주말,종일,30000,8900,70,70.3,1,구매일,0,날짜지정,2026-10-31,False
329623,4285842,히어로 플레이파크,전국,테마파크,테마파크,제주점 반일 소인권 히어로플레이파크(5시간)(~10/31),소인,주중+주말,종일,30000,21600,28,28.0,1,구매일,0,날짜지정,2026-10-31,False
329623,4285843,히어로 플레이파크,전국,테마파크,테마파크,제주점 보호자 입장권 히어로플레이파크(~10/31),대인,주중+주말,종일,10000,8900,11,11.0,1,구매일,0,날짜지정,2026-10-31,False
329623,4285844,히어로 플레이파크,전국,테마파크,테마파크,대구침산점 반일 소인권 히어로플레이파크(5시간)(~10/31),소인,주중+주말,종일,30000,21600,28,28.0,1,구매일,0,날짜지정,2026-10-31,False
329623,4285845,히어로 플레이파크,전국,테마파크,테마파크,대구침산점 보호자 입장권 히어로플레이파크(~10/31),대인,주중+주말,종일,10000,8900,11,11.0,1,구매일,0,날짜지정,2026-10-31,False
329623,4285846,히어로 플레이파크,전국,테마파크,테마파크,광주점 반일 소인권 히어로플레이파크(5시간)(~10/31),소인,주중+주말,종일,30000,21600,28,28.0,1,구매일,0,날짜지정,2026-10-31,False
329623,4285847,히어로 플레이파크,전국,테마파크,테마파크,광주점 보호자 입장권 히어로플레이파크(~10/31),대인,주중+주말,종일,10000,6300,37,37.0,1,구매일,0,날짜지정,2026-10-31,False
329623,4285848,히어로 플레이파크,전국,테마파크,테마파크,진주점 반일 소인권 히어로플레이파크(5시간)(~10/31),소인,주중+주말,종일,30000,21600,28,28.0,1,구매일,0,날짜지정,2026-10-31,False
329623,4285849,히어로 플레이파크,전국,테마파크,테마파크,진주점 보호자 입장권 히어로플레이파크(~10/31),대인,주중+주말,종일,10000,8900,11,11.0,1,구매일,0,날짜지정,2026-10-31,False
329560,4279231,녹테마레 위드미디어,여수,테마파크,테마파크,성인 이용권 녹테마레(~10/31),대인,주중+주말,종일,20000,13900,31,30.5,1,구매일,0,날짜지정,2026-10-31,True
329560,4279232,녹테마레 위드미디어,여수,테마파크,테마파크,청소년 이용권 녹테마레(~10/31),청소년,주중+주말,종일,17000,11900,30,30.0,1,구매일,0,날짜지정,2026-10-31,False
329560,4279233,녹테마레 위드미디어,여수,테마파크,테마파크,소인 이용권 녹테마레(~10/31),소인,주중+주말,종일,15000,10500,30,30.0,1,구매일,0,날짜지정,2026-10-31,False
327977,4231902,라원 미디어아트 복합문화정원,경주,테마파크,테마파크,소인(초등학생) 이용권 라원 미디어아트(~10/31),소인,주중+주말,종일,10000,9000,10,10.0,1,구매일,0,날짜지정,2026-10-31,True
327977,4231901,라원 미디어아트 복합문화정원,경주,테마파크,테마파크,청소년 이용권 라원 미디어아트(~10/31),청소년,주중+주말,종일,13000,11500,12,11.5,1,구매일,0,날짜지정,2026-10-31,False
327977,4231900,라원 미디어아트 복합문화정원,경주,테마파크,테마파크,대인 이용권 라원 미디어아트(~10/31),대인,주중+주말,종일,16000,14000,13,12.5,1,구매일,0,날짜지정,2026-10-31,False
328925,4264677,"봉주르, 장자크 상페",서울,전시,박물관,소인 입장권 장자크 상페(~27/01/03),소인,주중+주말,종일,25000,11000,56,56.0,1,구매일,0,날짜지정,2027-01-03,True
328925,4264676,"봉주르, 장자크 상페",서울,전시,박물관,청소년 입장권 장자크 상페(~27/01/03),청소년,주중+주말,종일,25000,15000,40,40.0,1,구매일,0,날짜지정,2027-01-03,False
328925,4264675,"봉주르, 장자크 상페",서울,전시,박물관,성인 입장권 장자크 상페(~27/01/03),대인,주중+주말,종일,25000,19000,24,24.0,1,구매일,0,날짜지정,2027-01-03,False
326528,4196489,페인터즈,서울,공연,뮤지컬,(광화문전용관)비지정 VIP석 14:00 페인터즈,대소공통,주중+주말,,70000,35000,50,50.0,1,구매일,0,날짜지정,2026-12-31,True
326528,4196490,페인터즈,서울,공연,뮤지컬,(광화문전용관)비지정 VIP석 17:00 페인터즈,대소공통,주중+주말,,70000,35000,50,50.0,1,구매일,0,날짜지정,2026-12-31,False
326528,4196491,페인터즈,서울,공연,뮤지컬,(광화문전용관)비지정 VIP석 20:00 페인터즈,대소공통,주중+주말,,70000,35000,50,50.0,1,구매일,0,날짜지정,2026-12-31,False
280321,3144508,대학로 연극 뷰티풀라이프,서울,공연,연극,1인 관람권 뷰티풀라이프,대소공통,주중+주말,종일,50000,16000,68,68.0,1,구매일,0,구매일,60,True
328418,4252269,대학로 연극 2호선 세입자,서울,공연,연극,1인 관람권 2호선세입자(구매 후 30일),대소공통,주중+주말,종일,40000,14000,65,65.0,1,구매일,0,구매일,30,True
308015,3727220,N서울타워 전망대 입장권,서울,테마파크,테마파크,N서울타워 전망대 소인 입장권(~12/31),소인,주중+주말,종일,23000,18200,21,20.9,1,날짜지정,2026-01-01,날짜지정,2026-12-31,True
308015,3727219,N서울타워 전망대 입장권,서울,테마파크,테마파크,N서울타워 전망대 대인 입장권(~12/31),대인,주중+주말,종일,29000,20500,29,29.3,1,날짜지정,2026-01-01,날짜지정,2026-12-31,False
244498,2335191,광교아쿠아플라넷,광교,테마파크,아쿠아리움,이용권 광교아쿠아플라넷,대소공통,주중+주말,종일,30000,20000,33,33.3,1,구매일,0,구매일,60,True
320158,4034355,여수아쿠아플라넷,여수,테마파크,아쿠아리움,입장권(아쿠아리움+전시+영상관) 여수아쿠아플라넷,대소공통,주중+주말,종일,36400,27000,26,25.8,1,구매일,0,구매일,60,True
280924,3154177,대전엑스포아쿠아리움,대전,테마파크,아쿠아리움,대전엑스포아쿠아리움,대소공통,주중+주말,종일,32000,22400,30,30.0,1,구매일,0,구매일,60,True
317444,3968709,또봇정크아트+엑스포공원,경주,테마파크,테마파크,또봇정크아트+엑스포공원 이용권(~12/31),대소공통,주중+주말,종일,20000,10900,46,45.5,1,날짜지정,2026-05-08,날짜지정,2026-12-31,True
327599,4224763,청도 군파크 루지+스카이 리프트,경북,테마파크,테마파크,주중/주말 2회권 군파크 루지+스카이리프트(~10/31),대소공통,주중+주말,종일,33000,23700,28,28.2,1,날짜지정,2026-03-19,날짜지정,2026-10-31,True
327599,4224764,청도 군파크 루지+스카이 리프트,경북,테마파크,테마파크,주중/주말 3회권 군파크 루지+스카이리프트(~10/31),대소공통,주중+주말,종일,40000,29400,27,26.5,1,날짜지정,2026-03-19,날짜지정,2026-10-31,False
234364,2133371,양떼목장,양평,테마파크,테마파크,양떼목장 이용권,대소공통,주중+주말,,6000,5250,13,12.5,1,구매일,0,구매일,30,True
324008,4122139,양떼목장 양모리 학교,남해,테마파크,테마파크,대인 이용권 남해 양떼목장(~10/31),대인,주중+주말,종일,7000,5650,19,19.3,1,날짜지정,2026-05-08,날짜지정,2026-10-31,True
324008,4122140,양떼목장 양모리 학교,남해,테마파크,테마파크,소인 이용권 남해 양떼목장(~10/31),소인,주중+주말,종일,4000,3750,6,6.2,1,날짜지정,2026-05-08,날짜지정,2026-10-31,False
311809,3803520,헤이리 한국근현대사박물관,파주,테마파크,테마파크,대인입장권 한국근현대사박물관,대인,주중+주말,종일,8000,7000,13,12.5,1,구매일,0,구매일,60,True
311809,3803521,헤이리 한국근현대사박물관,파주,테마파크,테마파크,소인입장권 한국근현대사박물관,소인,주중+주말,종일,6000,5200,13,13.3,1,구매일,0,구매일,60,False
324071,4122634,헤이리 사파리체험테마파크,파주,테마파크,테마파크,1인 입장권(사파리+파충류+마술쇼+4D라이더)(~10/31),대소공통,주중+주말,종일,27000,13000,52,51.9,1,날짜지정,2026-05-01,날짜지정,2026-10-31,True
324071,4122636,헤이리 사파리체험테마파크,파주,테마파크,테마파크,1인 입장권+버블쇼(~10/31),대소공통,주중+주말,종일,37000,18000,51,51.4,1,날짜지정,2026-05-01,날짜지정,2026-10-31,False
324071,4122635,헤이리 사파리체험테마파크,파주,테마파크,테마파크,1인 입장권+카페 이용권(~10/31),대소공통,주중+주말,종일,32000,17000,47,46.9,1,날짜지정,2026-05-01,날짜지정,2026-10-31,False
293638,3440762,원더빌리지,고양,테마파크,테마파크,대인입장권(중학생이상) 원더빌리지,대인,주중+주말,종일,12000,8500,29,29.2,1,구매일,0,구매일,60,True
293638,3440763,원더빌리지,고양,테마파크,테마파크,소인입장권(24개월~초등학생) 원더빌리지,소인,주중+주말,종일,19000,13500,29,28.9,1,구매일,0,구매일,60,False
276039,3047385,쁘띠프랑스&이탈리아마을,가평,테마파크,테마파크,대인이용권 쁘띠프랑스&이탈리아마을 PKG,대인,주중+주말,종일,28000,16500,41,41.1,1,구매일,0,구매일,60,True
276039,3047387,쁘띠프랑스&이탈리아마을,가평,테마파크,테마파크,소인이용권 쁘띠프랑스&이탈리아마을 PKG,소인,주중+주말,종일,22000,14300,35,35.0,1,구매일,0,구매일,60,False
234301,2133015,풀향기허브나라&토이박물관,양평,테마파크,테마파크,풀향기허브나라&토이박물관 대인이용권,대인,주중+주말,종일,6000,5000,17,16.7,1,구매일,0,구매일,30,True
234301,2133016,풀향기허브나라&토이박물관,양평,테마파크,테마파크,풀향기허브나라&토이박물관 소인이용권,소인,주중+주말,종일,4000,3500,13,12.5,1,구매일,0,구매일,30,False
324701,4142660,달빛뮤직/불꽃뮤직/별빛 크루즈,여의도,레져,크루즈,[여의도] 달빛뮤직 크루즈 대인이용권(~10/31),대인,주중+주말,,32900,29900,9,9.1,1,날짜지정,2026-06-01,날짜지정,2026-10-31,True
324701,4142662,달빛뮤직/불꽃뮤직/별빛 크루즈,여의도,레져,크루즈,[여의도] 달빛뮤직 크루즈 소인이용권(~10/31),소인,주중+주말,,22900,20900,9,8.7,1,날짜지정,2026-06-01,날짜지정,2026-10-31,False
324701,4142667,달빛뮤직/불꽃뮤직/별빛 크루즈,여의도,레져,크루즈,[여의도] 불꽃뮤직 크루즈 대인이용권(9/11~10/30),대인,주중+주말,,47900,44900,6,6.3,1,날짜지정,2026-09-11,날짜지정,2026-10-30,False
324701,4142669,달빛뮤직/불꽃뮤직/별빛 크루즈,여의도,레져,크루즈,[여의도] 불꽃뮤직 크루즈 소인이용권(9/11~10/30),대인,주중+주말,,32900,29900,9,9.1,1,날짜지정,2026-09-11,날짜지정,2026-10-30,False
324701,4142664,달빛뮤직/불꽃뮤직/별빛 크루즈,여의도,레져,크루즈,[여의도] 별빛 크루즈 대인이용권(~10/31),대인,주중+주말,,25900,21900,15,15.4,1,날짜지정,2026-06-01,날짜지정,2026-10-31,False
324701,4142665,달빛뮤직/불꽃뮤직/별빛 크루즈,여의도,레져,크루즈,[여의도] 별빛 크루즈 소인이용권(~10/31),소인,주중+주말,,17900,15900,11,11.2,1,날짜지정,2026-06-01,날짜지정,2026-10-31,False
324638,4139395,선셋 크루즈,여의도,레져,크루즈,[여의도] 선셋 크루즈 대인이용권(~10/31),대인,주중+주말,,25900,22900,12,11.6,1,날짜지정,2026-09-01,날짜지정,2026-10-31,True
324638,4139396,선셋 크루즈,여의도,레져,크루즈,[여의도] 선셋 크루즈 소인이용권(~10/31),소인,주중+주말,,17900,15900,11,11.2,1,날짜지정,2026-09-01,날짜지정,2026-10-31,False
328040,4232799,한강투어 크루즈,여의도,레져,크루즈,[여의도] 한강투어 크루즈 소인이용권(~10/31),소인,주중+주말,,12900,10900,16,15.5,1,날짜지정,2026-05-11,날짜지정,2026-10-31,True
328040,4232798,한강투어 크루즈,여의도,레져,크루즈,[여의도] 한강투어 크루즈 대인이용권(~10/31),대인,주중+주말,,19900,15900,20,20.1,1,날짜지정,2026-05-11,날짜지정,2026-10-31,False
324764,4145156,한강투어 크루즈,잠실,레져,크루즈,[잠실] 한강투어 크루즈 소인이용권(~10/31),소인,주중+주말,,19900,10900,45,45.2,1,구매일,0,날짜지정,2026-10-31,True
324764,4145155,한강투어 크루즈,잠실,레져,크루즈,[잠실] 한강투어 크루즈 대인이용권(~10/31),대인,주중+주말,,19900,15900,20,20.1,1,구매일,0,날짜지정,2026-10-31,False
328103,4234117,선셋/달빛뮤직/별빛 크루즈,잠실,레져,크루즈,[잠실] 선셋 크루즈 대인이용권(9/12~10/31),대인,주중+주말,,23900,22900,4,4.2,1,날짜지정,2026-09-12,날짜지정,2026-10-31,True
328103,4234118,선셋/달빛뮤직/별빛 크루즈,잠실,레져,크루즈,[잠실] 선셋 크루즈 소인이용권(9/12~10/31),소인,주중+주말,,23900,15900,33,33.5,1,날짜지정,2026-09-12,날짜지정,2026-10-31,False
328103,4234119,선셋/달빛뮤직/별빛 크루즈,잠실,레져,크루즈,[잠실] 달빛뮤직 크루즈 대인이용권(9/12~10/31),대인,주중+주말,,31900,29900,6,6.3,1,날짜지정,2026-09-12,날짜지정,2026-10-31,False
328103,4234120,선셋/달빛뮤직/별빛 크루즈,잠실,레져,크루즈,[잠실] 달빛뮤직 크루즈 소인이용권(9/12~10/31),소인,주중+주말,,31900,20900,34,34.5,1,날짜지정,2026-09-12,날짜지정,2026-10-31,False
328103,4234121,선셋/달빛뮤직/별빛 크루즈,잠실,레져,크루즈,[잠실] 별빛 크루즈 대인이용권(~10/31),대인,주중+주말,,25900,21900,15,15.4,1,구매일,0,날짜지정,2026-10-31,False
328103,4234122,선셋/달빛뮤직/별빛 크루즈,잠실,레져,크루즈,[잠실] 별빛 크루즈 소인이용권(~10/31),소인,주중+주말,,25900,15900,39,38.6,1,구매일,0,날짜지정,2026-10-31,False
225209,1794292,아라마리나 요트투어,김포,레져,액티비티,1인이용권,대소공통,주중+주말,,0,57000,0,,1,구매일,0,구매일,60,True
225209,1794293,아라마리나 요트투어,김포,레져,액티비티,2인이용권,대소공통,주중+주말,,0,114000,0,,1,구매일,0,구매일,60,False
225209,1794294,아라마리나 요트투어,김포,레져,액티비티,3인이용권,대소공통,주중+주말,,0,159000,0,,1,구매일,0,구매일,60,False
225209,1794295,아라마리나 요트투어,김포,레져,액티비티,4인이용권,대소공통,주중+주말,,0,212000,0,,1,구매일,0,구매일,60,False
225209,1794296,아라마리나 요트투어,김포,레져,액티비티,5인이용권,대소공통,주중+주말,,0,265000,0,,1,구매일,0,구매일,60,False
225209,1794290,아라마리나 요트투어,김포,레져,액티비티,(2인~6인 예약 시)단독이용권,대소공통,주중+주말,,0,315000,0,,1,구매일,0,구매일,60,False
225209,1794291,아라마리나 요트투어,김포,레져,액티비티,(7인~10인 예약 시)단독이용권,대소공통,주중+주말,,0,365000,0,,1,구매일,0,구매일,60,False
243104,2288701,곤돌라 의암8경 물길여행,춘천,레져,액티비티,의암8경 청소년이용권 춘천곤돌라(*메모란에 예약시간을 남겨주세요),청소년,주중+주말,,20000,19000,5,5.0,1,구매일,0,구매일,60,True
243104,2288702,곤돌라 의암8경 물길여행,춘천,레져,액티비티,의암8경 소인이용권 춘천곤돌라(*메모란에 예약시간을 남겨주세요),소인,주중+주말,,10000,9500,5,5.0,1,구매일,0,구매일,60,False
243104,2288700,곤돌라 의암8경 물길여행,춘천,레져,액티비티,의암8경 대인이용권 춘천곤돌라(*메모란에 예약시간을 남겨주세요),대인,주중+주말,,25000,24000,4,4.0,1,구매일,0,구매일,60,False
292493,3413808,코마린 세일요트,속초,레져,크루즈,B코스 대인이용권 속초코마린,대인,주중+주말,종일,36000,30000,17,16.7,1,구매일,0,구매일,60,True
292493,3413809,코마린 세일요트,속초,레져,크루즈,B코스 소인이용권 속초코마린,소인,주중+주말,종일,24000,20000,17,16.7,1,구매일,0,구매일,60,False
292556,3414035,코마린 세일요트 단독투어,속초,레져,크루즈,세일요트 단독투어 속초코마린,대소공통,주중+주말,종일,250000,210000,16,16.0,1,구매일,0,구매일,60,True
225217,1794320,패러러브 패러글라이딩,양평,레져,액티비티,기본코스 이용권,대소공통,주중+주말,종일,140000,130000,7,7.1,1,구매일,0,구매일,60,True
225217,1794322,패러러브 패러글라이딩,양평,레져,액티비티,항공촬영코스 이용권,대소공통,주중+주말,종일,160000,150000,6,6.2,1,구매일,0,구매일,60,False
225212,1794299,더쎈 패러글라이딩,단양,레져,액티비티,더쎈 익스트림코스,대소공통,주중+주말,종일,120000,105000,12,12.5,1,구매일,0,구매일,60,True
225212,1794300,더쎈 패러글라이딩,단양,레져,액티비티,더쎈 노멀코스,대소공통,주중+주말,종일,90000,85000,6,5.6,1,구매일,0,구매일,60,False
326843,4208073,통영 케이블카 패키지,경남,레져,액티비티,케이블카 1회왕복+디피랑(~9/30),대소공통,주중+주말,종일,32000,22100,31,30.9,1,날짜지정,2026-05-08,날짜지정,2026-09-30,True
316426,3934111,한레저,철원,레져,액티비티,래프팅or서바이벌 中 택1 체험권 한레저(~9/30),대소공통,주중+주말,종일,36000,25000,31,30.6,1,구매일,0,날짜지정,2026-09-30,True
316426,3934112,한레저,철원,레져,액티비티,산악바이크 체험권 한레저(~9/30),대소공통,주중+주말,종일,36000,28000,22,22.2,1,구매일,0,날짜지정,2026-09-30,False
274453,3016188,제주레일바이크,제주,레져,액티비티,2인 이용권 제주레일바이크,대소공통,주중+주말,종일,30000,21700,28,27.7,1,구매일,0,구매일,60,True
274453,3016189,제주레일바이크,제주,레져,액티비티,3인 이용권 제주레일바이크,대소공통,주중+주말,종일,40000,31800,21,20.5,1,구매일,0,구매일,60,False
274453,3016190,제주레일바이크,제주,레져,액티비티,4인 이용권 제주레일바이크,대소공통,주중+주말,종일,48000,42000,13,12.5,1,구매일,0,구매일,60,False
225256,1794683,노량진 충남상회 모듬회,서울,헬스&푸드,푸드,모듬회 소(2인) 충남상회(* 전화예약 및 직접결제),,,,0,60000,0,,1,구매일,0,구매일,0,True
225256,1794686,노량진 충남상회 모듬회,서울,헬스&푸드,푸드,방어회 소(2인) 충남상회(* 전화예약 및 직접결제),,,,0,60000,0,,1,구매일,0,구매일,0,False
225256,1794684,노량진 충남상회 모듬회,서울,헬스&푸드,푸드,모듬회 중(2~3인) 충남상회(* 전화예약 및 직접결제),,,,0,80000,0,,1,구매일,0,구매일,0,False
225256,1794687,노량진 충남상회 모듬회,서울,헬스&푸드,푸드,방어회 중(2~3인) 충남상회(* 전화예약 및 직접결제),,,,0,80000,0,,1,구매일,0,구매일,0,False
225256,1794685,노량진 충남상회 모듬회,서울,헬스&푸드,푸드,모듬회 대(3~4인) 충남상회(* 전화예약 및 직접결제),,,,0,100000,0,,1,구매일,0,구매일,0,False
225256,1794688,노량진 충남상회 모듬회,서울,헬스&푸드,푸드,방어회 대(3~4인) 충남상회(* 전화예약 및 직접결제),,,,0,100000,0,,1,구매일,0,구매일,0,False
